company;price
Caterpillar;213,88
Google;107,84
Tesla Motors;160,28
The Coca-Cola;63,67
Walt Disney;99,98
MasterCard;374,06
Apple lnc;168,45
Activision Blizzard;77,76
Adidas;158,09
Adobe Systems;371,92
Alibaba ;84,45
Amazon;109,83
Airbus;125,46
American Express;158,62
BMW;100,64
McDonald's Corp;294,64
Intel Corp;29,91
Ferrari;278,53
Johnson&Hohnson;163
Lenovo Group;7,96
